[
{
  "model": "users.usuario",
  "pk": 2,
  "fields": {
    "password": "pbkdf2_sha256$1200000$yK8pgRRPTvy70Q4se6XTKb$pX0kMxyoX6z4XwSvoPPOkKR0qfWiTF9wgw5ZY0lwKz4=",
    "last_login": null,
    "is_superuser": false,
    "first_name": "",
    "last_name": "",
    "is_staff": false,
    "is_active": true,
    "date_joined": "2026-06-04T20:20:08.964Z",
    "nome": "João Aluno",
    "cpf_cnpj": "111.444.777-35",
    "email": "joao.aluno@aeroclube.com",
    "cep": "13500-001",
    "logradouro": "Rua dos Aviadores",
    "numero": "100",
    "bairro": "Centro",
    "cidade": "Rio Claro",
    "uf": "SP",
    "perfil_ativo": "aluno",
    "updated_at": "2026-06-04T20:20:09.692Z",
    "groups": [],
    "user_permissions": []
  }
},
{
  "model": "users.usuarioperfil",
  "pk": 2,
  "fields": {
    "usuario": 2,
    "perfil": "aluno"
  }
},
{
  "model": "carteira.carteira",
  "pk": 1,
  "fields": {
    "participante": 2,
    "saldo": "0.00",
    "updated_at": "2026-06-04T20:20:09.996Z"
  }
},
{
  "model": "users.usuario",
  "pk": 3,
  "fields": {
    "password": "pbkdf2_sha256$1200000$9gWgMRTfOAtdr5D2OlSVFJ$2wgvu01ObbIdKGOXeYU0U2LFl+WjR2FypMc98aqvjY0=",
    "last_login": null,
    "is_superuser": false,
    "first_name": "",
    "last_name": "",
    "is_staff": false,
    "is_active": true,
    "date_joined": "2026-06-04T20:20:10.267Z",
    "nome": "Maria Aluna",
    "cpf_cnpj": "222.555.888-46",
    "email": "maria.aluna@aeroclube.com",
    "cep": "13500-002",
    "logradouro": "Avenida Brasil",
    "numero": "200",
    "bairro": "Cidade Nova",
    "cidade": "Rio Claro",
    "uf": "SP",
    "perfil_ativo": "aluno",
    "updated_at": "2026-06-04T20:20:11.029Z",
    "groups": [],
    "user_permissions": []
  }
},
{
  "model": "users.usuarioperfil",
  "pk": 3,
  "fields": {
    "usuario": 3,
    "perfil": "aluno"
  }
},
{
  "model": "carteira.carteira",
  "pk": 2,
  "fields": {
    "participante": 3,
    "saldo": "0.00",
    "updated_at": "2026-06-04T20:20:11.297Z"
  }
},
{
  "model": "users.usuario",
  "pk": 4,
  "fields": {
    "password": "pbkdf2_sha256$1200000$h3waTXu0QT7Moj86DNavha$SxkhTHsLcdywUMVV0PODWNQNsw9dDWC2Ik4ODOqhwQw=",
    "last_login": null,
    "is_superuser": false,
    "first_name": "",
    "last_name": "",
    "is_staff": false,
    "is_active": true,
    "date_joined": "2026-06-04T20:20:11.421Z",
    "nome": "Pedro Aluno",
    "cpf_cnpj": "333.666.999-57",
    "email": "pedro.aluno@aeroclube.com",
    "cep": "13500-003",
    "logradouro": "Rua das Hélices",
    "numero": "300",
    "bairro": "Jardim Paulista",
    "cidade": "Rio Claro",
    "uf": "SP",
    "perfil_ativo": "aluno",
    "updated_at": "2026-06-04T20:20:12.097Z",
    "groups": [],
    "user_permissions": []
  }
},
{
  "model": "users.usuarioperfil",
  "pk": 4,
  "fields": {
    "usuario": 4,
    "perfil": "aluno"
  }
},
{
  "model": "carteira.carteira",
  "pk": 3,
  "fields": {
    "participante": 4,
    "saldo": "0.00",
    "updated_at": "2026-06-04T20:20:12.386Z"
  }
},
{
  "model": "users.usuario",
  "pk": 5,
  "fields": {
    "password": "pbkdf2_sha256$1200000$nkYpyeulYpMyaFtsSxK98K$7E9jwu1+3MPbJEN30JiVdXK2ONS6Opzp9xOV/OaLOoM=",
    "last_login": null,
    "is_superuser": false,
    "first_name": "",
    "last_name": "",
    "is_staff": false,
    "is_active": true,
    "date_joined": "2026-06-04T20:20:12.638Z",
    "nome": "Ana Externa",
    "cpf_cnpj": "444.777.111-07",
    "email": "ana.externa@aeroclube.com",
    "cep": "13560-100",
    "logradouro": "Rua São Carlos",
    "numero": "45",
    "bairro": "Centro",
    "cidade": "São Carlos",
    "uf": "SP",
    "perfil_ativo": "externo",
    "updated_at": "2026-06-04T20:20:13.441Z",
    "groups": [],
    "user_permissions": []
  }
},
{
  "model": "users.usuarioperfil",
  "pk": 5,
  "fields": {
    "usuario": 5,
    "perfil": "externo"
  }
},
{
  "model": "carteira.carteira",
  "pk": 4,
  "fields": {
    "participante": 5,
    "saldo": "0.00",
    "updated_at": "2026-06-04T20:20:13.690Z"
  }
},
{
  "model": "users.usuario",
  "pk": 6,
  "fields": {
    "password": "pbkdf2_sha256$1200000$oh01PqdN8FervSrNcwTPRE$Jgho9y0l+emA+hyfOxFTiwof/zSwR1Ng09KEGSCXxe8=",
    "last_login": null,
    "is_superuser": false,
    "first_name": "",
    "last_name": "",
    "is_staff": false,
    "is_active": true,
    "date_joined": "2026-06-04T20:20:13.803Z",
    "nome": "Bruno Externo",
    "cpf_cnpj": "555.888.222-00",
    "email": "bruno.externo@aeroclube.com",
    "cep": "13560-200",
    "logradouro": "Avenida São Paulo",
    "numero": "789",
    "bairro": "Vila Nery",
    "cidade": "São Carlos",
    "uf": "SP",
    "perfil_ativo": "externo",
    "updated_at": "2026-06-04T20:20:14.514Z",
    "groups": [],
    "user_permissions": []
  }
},
{
  "model": "users.usuarioperfil",
  "pk": 6,
  "fields": {
    "usuario": 6,
    "perfil": "externo"
  }
},
{
  "model": "carteira.carteira",
  "pk": 5,
  "fields": {
    "participante": 6,
    "saldo": "0.00",
    "updated_at": "2026-06-04T20:20:14.867Z"
  }
},
{
  "model": "users.usuario",
  "pk": 7,
  "fields": {
    "password": "pbkdf2_sha256$1200000$DPFaC1UK4QGJs5DKDxpJ51$xXC4k35OmgXbRBJ155cfM90RZAIBn5m9csEMoL2BMAI=",
    "last_login": null,
    "is_superuser": false,
    "first_name": "",
    "last_name": "",
    "is_staff": false,
    "is_active": true,
    "date_joined": "2026-06-04T20:20:14.980Z",
    "nome": "Carlos Sócio",
    "cpf_cnpj": "666.999.333-10",
    "email": "carlos.socio@aeroclube.com",
    "cep": "13500-010",
    "logradouro": "Rua dos Pioneiros",
    "numero": "12",
    "bairro": "Centro",
    "cidade": "Rio Claro",
    "uf": "SP",
    "perfil_ativo": "socio",
    "updated_at": "2026-06-04T20:20:15.638Z",
    "groups": [],
    "user_permissions": []
  }
},
{
  "model": "users.usuarioperfil",
  "pk": 7,
  "fields": {
    "usuario": 7,
    "perfil": "socio"
  }
},
{
  "model": "carteira.carteira",
  "pk": 6,
  "fields": {
    "participante": 7,
    "saldo": "0.00",
    "updated_at": "2026-06-04T20:20:15.926Z"
  }
},
{
  "model": "users.usuario",
  "pk": 8,
  "fields": {
    "password": "pbkdf2_sha256$1200000$JPNMTapDoqkd6c1nwVdZsF$qlsfhfMCwX/yfU4dqat7vNwOw92WgQcRnu2H14MRrqM=",
    "last_login": null,
    "is_superuser": false,
    "first_name": "",
    "last_name": "",
    "is_staff": false,
    "is_active": true,
    "date_joined": "2026-06-04T20:20:16.101Z",
    "nome": "Diana Sócia",
    "cpf_cnpj": "777.111.444-07",
    "email": "diana.socia@aeroclube.com",
    "cep": "13500-011",
    "logradouro": "Rua Treze de Maio",
    "numero": "555",
    "bairro": "Centro",
    "cidade": "Rio Claro",
    "uf": "SP",
    "perfil_ativo": "socio",
    "updated_at": "2026-06-04T20:20:16.763Z",
    "groups": [],
    "user_permissions": []
  }
},
{
  "model": "users.usuarioperfil",
  "pk": 8,
  "fields": {
    "usuario": 8,
    "perfil": "socio"
  }
},
{
  "model": "carteira.carteira",
  "pk": 7,
  "fields": {
    "participante": 8,
    "saldo": "0.00",
    "updated_at": "2026-06-04T20:20:17.046Z"
  }
},
{
  "model": "users.usuario",
  "pk": 9,
  "fields": {
    "password": "pbkdf2_sha256$1200000$X9X609X6wRMqdOhrUJP0JL$+8L5rz7Sj9cPB+lt0XKO6tedNKFGWMCRMh0gemy9nbQ=",
    "last_login": null,
    "is_superuser": false,
    "first_name": "",
    "last_name": "",
    "is_staff": false,
    "is_active": true,
    "date_joined": "2026-06-04T20:20:17.158Z",
    "nome": "Eduardo Instrutor",
    "cpf_cnpj": "888.222.555-00",
    "email": "eduardo.instrutor@aeroclube.com",
    "cep": "13500-020",
    "logradouro": "Rua do Aeroporto",
    "numero": "1",
    "bairro": "Aeroporto",
    "cidade": "Rio Claro",
    "uf": "SP",
    "perfil_ativo": "instrutor",
    "updated_at": "2026-06-04T20:20:17.861Z",
    "groups": [],
    "user_permissions": []
  }
},
{
  "model": "users.usuarioperfil",
  "pk": 9,
  "fields": {
    "usuario": 9,
    "perfil": "instrutor"
  }
},
{
  "model": "carteira.carteira",
  "pk": 8,
  "fields": {
    "participante": 9,
    "saldo": "0.00",
    "updated_at": "2026-06-04T20:20:18.098Z"
  }
},
{
  "model": "users.usuario",
  "pk": 10,
  "fields": {
    "password": "pbkdf2_sha256$1200000$WqmiWaIwfFSGki9pB12KQZ$JOUqta2zbkrKRTCr/zorUgmmI/DLhevdfvNsR36Zsn8=",
    "last_login": null,
    "is_superuser": false,
    "first_name": "",
    "last_name": "",
    "is_staff": false,
    "is_active": true,
    "date_joined": "2026-06-04T20:20:18.201Z",
    "nome": "Fernanda Instrutora",
    "cpf_cnpj": "999.333.666-10",
    "email": "fernanda.instrutora@aeroclube.com",
    "cep": "13500-021",
    "logradouro": "Rua do Aeroporto",
    "numero": "2",
    "bairro": "Aeroporto",
    "cidade": "Rio Claro",
    "uf": "SP",
    "perfil_ativo": "instrutor",
    "updated_at": "2026-06-04T20:20:19.129Z",
    "groups": [],
    "user_permissions": []
  }
},
{
  "model": "users.usuarioperfil",
  "pk": 10,
  "fields": {
    "usuario": 10,
    "perfil": "instrutor"
  }
},
{
  "model": "carteira.carteira",
  "pk": 9,
  "fields": {
    "participante": 10,
    "saldo": "0.00",
    "updated_at": "2026-06-04T20:20:19.582Z"
  }
},
{
  "model": "users.usuario",
  "pk": 11,
  "fields": {
    "password": "pbkdf2_sha256$1200000$qrqbFbIbPCsg3B90ulphUf$cpQZ7P+/puAMfsc6LH4AOJzPLeP2jAmVcWqWekPGtis=",
    "last_login": null,
    "is_superuser": false,
    "first_name": "",
    "last_name": "",
    "is_staff": false,
    "is_active": true,
    "date_joined": "2026-06-04T20:20:19.712Z",
    "nome": "Gabriel Sócio-Instrutor",
    "cpf_cnpj": "123.456.789-09",
    "email": "gabriel.si@aeroclube.com",
    "cep": "13500-030",
    "logradouro": "Rua Coronel Cabral",
    "numero": "321",
    "bairro": "Centro",
    "cidade": "Rio Claro",
    "uf": "SP",
    "perfil_ativo": "socio",
    "updated_at": "2026-06-04T20:20:20.398Z",
    "groups": [],
    "user_permissions": []
  }
},
{
  "model": "users.usuarioperfil",
  "pk": 11,
  "fields": {
    "usuario": 11,
    "perfil": "socio"
  }
},
{
  "model": "users.usuarioperfil",
  "pk": 12,
  "fields": {
    "usuario": 11,
    "perfil": "instrutor"
  }
},
{
  "model": "carteira.carteira",
  "pk": 10,
  "fields": {
    "participante": 11,
    "saldo": "0.00",
    "updated_at": "2026-06-04T20:20:20.765Z"
  }
},
{
  "model": "users.usuario",
  "pk": 12,
  "fields": {
    "password": "pbkdf2_sha256$1200000$tZeENK1V41NwdjUJRRYa7j$TZbhLo/qcDjFF/1JgA4Ocad6DJdHL+9KGFTyGuGjAwk=",
    "last_login": null,
    "is_superuser": false,
    "first_name": "",
    "last_name": "",
    "is_staff": false,
    "is_active": true,
    "date_joined": "2026-06-04T20:20:20.879Z",
    "nome": "Helena Funcionária",
    "cpf_cnpj": "987.654.321-00",
    "email": "helena.func@aeroclube.com",
    "cep": "13500-040",
    "logradouro": "Rua da Secretaria",
    "numero": "10",
    "bairro": "Centro",
    "cidade": "Rio Claro",
    "uf": "SP",
    "perfil_ativo": "funcionario",
    "updated_at": "2026-06-04T20:20:21.533Z",
    "groups": [],
    "user_permissions": []
  }
},
{
  "model": "users.usuarioperfil",
  "pk": 13,
  "fields": {
    "usuario": 12,
    "perfil": "funcionario"
  }
},
{
  "model": "pessoas.cliente",
  "pk": 3,
  "fields": {
    "nome": "Cliente Silva",
    "cpf_cnpj": "456.789.123-64",
    "email": "cliente.silva@email.com",
    "contato": "(19) 99999-1111",
    "cep": "13500-500",
    "logradouro": "Rua das Palmeiras",
    "numero": "88",
    "bairro": "Jardim América",
    "cidade": "Rio Claro",
    "uf": "SP",
    "is_active": true,
    "created_at": "2026-06-04T20:20:22.036Z",
    "updated_at": "2026-06-04T20:20:22.036Z"
  }
},
{
  "model": "pessoas.cliente",
  "pk": 4,
  "fields": {
    "nome": "Empresa XYZ Ltda",
    "cpf_cnpj": "11.222.333/0001-81",
    "email": "contato@xyz.com.br",
    "contato": "(19) 3333-2222",
    "cep": "13560-900",
    "logradouro": "Avenida Industrial",
    "numero": "1500",
    "bairro": "Distrito Industrial",
    "cidade": "São Carlos",
    "uf": "SP",
    "is_active": true,
    "created_at": "2026-06-04T20:20:22.148Z",
    "updated_at": "2026-06-04T20:20:22.148Z"
  }
},
{
  "model": "pessoas.entidadepagar",
  "pk": 1,
  "fields": {
    "nome": "Posto Aviação Ltda",
    "cpf_cnpj": "44.555.666/0001-81",
    "email": "vendas@postoaviacao.com.br",
    "contato": "(19) 3333-4444",
    "tipo": "fornecedor",
    "is_active": true,
    "usuario": null,
    "created_at": "2026-06-04T20:20:22.311Z",
    "updated_at": "2026-06-04T20:20:22.311Z"
  }
},
{
  "model": "pessoas.fornecedor",
  "pk": 1,
  "fields": {
    "produto_servico": "Combustível de aviação (AVGAS)"
  }
},
{
  "model": "pessoas.entidadepagar",
  "pk": 2,
  "fields": {
    "nome": "Oficina Aeronáutica ME",
    "cpf_cnpj": "77.888.999/0001-81",
    "email": "contato@oficinaaero.com.br",
    "contato": "(19) 3333-5555",
    "tipo": "fornecedor",
    "is_active": true,
    "usuario": null,
    "created_at": "2026-06-04T20:20:22.970Z",
    "updated_at": "2026-06-04T20:20:22.970Z"
  }
},
{
  "model": "pessoas.fornecedor",
  "pk": 2,
  "fields": {
    "produto_servico": "Manutenção de aeronaves"
  }
},
{
  "model": "pessoas.entidadepagar",
  "pk": 3,
  "fields": {
    "nome": "Roberto Instrutor Externo",
    "cpf_cnpj": "159.753.486-25",
    "email": "roberto.instrutor@email.com",
    "contato": "(19) 98888-1111",
    "tipo": "instrutor",
    "is_active": true,
    "usuario": null,
    "created_at": "2026-06-04T20:20:23.463Z",
    "updated_at": "2026-06-04T20:20:23.463Z"
  }
},
{
  "model": "pessoas.funcionario",
  "pk": 3,
  "fields": {
    "funcao": "Instrutor de voo",
    "is_instrutor": true,
    "salario_base": "4500.00"
  }
},
{
  "model": "pessoas.entidadepagar",
  "pk": 4,
  "fields": {
    "nome": "Júlia Secretária",
    "cpf_cnpj": "357.159.852-00",
    "email": "julia.sec@email.com",
    "contato": "(19) 98888-2222",
    "tipo": "funcionario",
    "is_active": true,
    "usuario": null,
    "created_at": "2026-06-04T20:20:23.587Z",
    "updated_at": "2026-06-04T20:20:23.587Z"
  }
},
{
  "model": "pessoas.funcionario",
  "pk": 4,
  "fields": {
    "funcao": "Secretária",
    "is_instrutor": false,
    "salario_base": "2200.00"
  }
},
{
  "model": "conta_fixa.contafixa",
  "pk": 1,
  "fields": {
    "nome": "Aluguel do Hangar",
    "descricao": "Aluguel mensal do hangar principal",
    "favorecido": "Imobiliária Central",
    "valor": "3500.00",
    "dia_vencimento": 5,
    "is_active": true,
    "created_at": "2026-06-04T20:20:23.712Z",
    "updated_at": "2026-06-04T20:20:23.712Z"
  }
},
{
  "model": "conta_fixa.contafixa",
  "pk": 2,
  "fields": {
    "nome": "Energia Elétrica",
    "descricao": "Conta de energia do hangar e sede",
    "favorecido": "CPFL Energia",
    "valor": "1200.00",
    "dia_vencimento": 10,
    "is_active": true,
    "created_at": "2026-06-04T20:20:23.823Z",
    "updated_at": "2026-06-04T20:20:23.823Z"
  }
},
{
  "model": "conta_fixa.contafixa",
  "pk": 3,
  "fields": {
    "nome": "Internet e Telefonia",
    "descricao": "Link dedicado e telefonia",
    "favorecido": "Operadora Telecom",
    "valor": "300.00",
    "dia_vencimento": 15,
    "is_active": true,
    "created_at": "2026-06-04T20:20:24.060Z",
    "updated_at": "2026-06-04T20:20:24.060Z"
  }
}
]
